name,source,gender,wikidata,type
"""Rattenweg""",,,,way
"1. Querweg",,,,way
"2. Querweg",,,,way
"2. Westtunnel",,,,way
23-Straße,,,,way
24-Straße,,,,way
25-Straße,,,,way
26-Straße,,,,way
27-Straße,,,,way
28-Straße,,,,way
29-Straße,,,,way
"3. Querweg",,,,way
30-Straße,,,,way
31-Straße,,,,way
32-Straße,,,,way
33-Straße,,,,way
"4. Steig",,,,way
A-Weg,,,,way
"A113 Autobahnzubringer Dresden",,,,way
"ASV Schläusenland e.V.",,,,way
"AVUS Nordkurve",,,,way
"Achse der Kontinuität",,,,way
"Achse des Exils",,,,way
"Achse des Holocaust",,,,way
Ackerhummelweg,,,,way
Adlerplatz,,,,way
Adolf-Kiepert-Steg,,,,way
Aktionspark,,,,way
Alerichstraße,,,,way
Alpenhöhe,,,,way
Alpenweg,,,,way
"Alte Poststraße",,,,way
"Alte Rhinstraße",,,,way
"Alte Spandauer Poststraße",,,,way
"Alter Fließweg",,,,way
"Alter Postweg",,,,way
"Alter Radelander Weg",,,,way
Alter-Robert-Park,,,,way
"Altglienicker Aue",,,,way
"Am Alten Lokschuppen",,,,way
"Am Amtsgraben",,,,way
"Am Ausblick",,,,way
"Am Barnim",,,,way
"Am Beelitzhof",,,,way
"Am Berghang",,,,way
"Am Biberbau",,,,way
"Am Bogen",,,,way
"Am Bootshaus",,,,way
"Am Buchenberg",,,,way
"Am Dreieck",,,,way
"Am Ernst-Grube-Park",,,,way
"Am Festplatz",,,,way
"Am Fischtal",,,,way
"Am Graben",,,,way
"Am Grüngürtel",,,,way
"Am Hamburger Bahnhof",,,,way
"Am Heidekampgraben",,,,way
"Am Hellespont",,,,way
"Am Kanal",,,,way
"Am Kienhorstgraben",,,,way
"Am Kiesberg",,,,way
"Am Kirchenland",,,,way
"Am Kirschgarten",,,,way
"Am Kleinen Platz",,,,way
"Am Krähenberg",,,,way
"Am Krug",,,,way
"Am Krummen Weg",,,,way
"Am Krusenick",,,,way
"Am Kurzen Weg",,,,way
"Am Kutscherhaus",,,,way
"Am Langen Weg",,,,way
"Am Müggelpark",,,,way
"Am Mühlanger",,,,way
"Am Mühlenberg",,,,way
"Am Mühlenteich",,,,way
"Am Nordbahnhof",,,,way
"Am Orangeriepark",,,,way
"Am Ortsrand",,,,way
"Am Pankepark",,,,way
"Am Pfarracker",,,,way
"Am Posseberg",,,,way
"Am Rathauspark",,,,way
"Am Reiherhorst",,,,way
"Am Reitstall",,,,way
"Am Ruderverein",,,,way
"Am Rundling",,,,way
"Am Sandhaus",,,,way
"Am Schlangengraben",,,,way
"Am Schwanenberg",,,,way
"Am Schweizerhof",,,,way
"Am Schwemmhorn",,,,way
"Am See",,,,way
"Am Sportplatz",,,,way
"Am Springeberg",,,,way
"Am Staakener Kirchengelände",,,,way
"Am Steinberg - Grünanlage am Teich",,,,way
"Am Steinkreis",,,,way
"Am Stieggraben",,,,way
"Am Südpark",,,,way
"Am Tacheles",,,,way
"Am Tempelgraben",,,,way
"Am Vierling",,,,way
"Am Wachtelschlag",,,,way
"Am Waldhang",,,,way
"Am Waldhaus",,,,way
"Am Wasserbogen",,,,way
"Am Wasserbunker",,,,way
"Am Weingarten",,,,way
"Am Weißen Steg",,,,way
"Am Werkstor",,,,way
"Am Wiesenhang",,,,way
"Am Windbruch",,,,way
"Am Winkel",,,,way
"Am Zwirngraben",,,,way
"Am alten Malchower Graben",,,,way
Amalienhofstraße,,,,way
Amorweg,,,,way
Amtsstraße,,,,way
"An den Berggärten",,,,way
"An den Buckower Feldern",,,,way
"An den Eiswerken",,,,way
"An den Freiheitswiesen",,,,way
"An den Hubertshäusern",,,,way
"An den Knabenhäusern",,,,way
"An den Parkbäumen",,,,way
"An den Weiden",,,,way
"An der Brücke",,,,way
"An der Festwiese",,,,way
"An der Havelspitze",,,,way
"An der Himmelswiese",,,,way
"An der Karlshorster Heide",,,,way
"An der Kolonnade",,,,way
"An der Laake",,,,way
"An der Mole",,,,way
"An der Spitze",,,,way
"An der Spreeschanze",,,,way
"An der Straße",,,,way
"An der Streuobstwiese",,,,way
"An der Trainierbahn",,,,way
"An der Villa Bolle",,,,way
"An der Waldsiedlung",,,,way
"An der alten Gärtnerei",,,,way
"Andersen Weg",,,,way
Andersonweg,,,,way
Anemonenweg,,,,way
Angersteinweg,,,,way
Anglersiedlung,,,,way
Anglerweg,,,,way
"Anhalter Steg",,,,way
"Ankogelbad, Sommerbad",,,,way
"Anna- und Hermann-Muthesius-Steig",,,,way
Annenallee,,,,way
Antonienstraße,,,,way
Appellplatz,,,,way
Argoallee,,,,way
Arthur-Friedrich-Weg,,,,way
Asternpfad,,,,way
Asterweg,,,,way
"Auf dem Mühlenberg",,,,way
Ausbau,,,,way
"Ausgang Richtung Riemeisterstraße",,,,way
Aussenweg,,,,way
Aussichtsberg,,,,way
"Außenanlagen des Caritas- Mehrgenerationenhauses",,,,way
Außenweg,,,,way
"Autobahnzubringer Dresden",,,,way
B-Weg,,,,way
Badbrücke,,,,way
Bäderweg,,,,way
Bahamasbogen,,,,way
Bahnhausweg,,,,way
"Bahnsteig U6",,,,way
Bahnweg,,,,way
Ballonfahrerweg,,,,way
Balzerplatz,,,,way
Balzerstraße,,,,way
Balzerweg,,,,way
Bärenplatz,,,,way
Barschelplatz,,,,way
Baumgartensteg,,,,way
Bausdorfstraße,,,,way
Beckerweg,,,,way
Beerenstraße,,,,way
"Beerfelder Straße",,,,way
"Beim Pfarrhof",,,,way
Bellevuepark,,,,way
Bellogasse,,,,way
Bergholzstraße,,,,way
Bergstr.,,,,way
Berlewitzweg,,,,way
"Berliner Mauerweg",,,,way
"Berliner Verbindungsbahn",,,,way
Bernard-Wieck-Promenade,,,,way
Bernhard-Langwaldt-Weg,,,,way
Besuchesritze,,,,way
"Beyer Weg",,,,way
Beyschlagtunnel,,,,way
Bienchenweg,,,,way
BigCityGreens,,,,way
Bismarcksteg,,,,way
"Bitterfelder Brücke",,,,way
Blockpark,,,,way
"Blumberger Chaussee",,,,way
Blumeneschenweg,,,,way
Blütenachse,,,,way
Blütenweißweg,,,,way
Bornepfad,,,,way
"Botanischer Garten",,,,way
"Botanischer Volkspark Blankenfelde-Pankow",,,,way
Bötzowbahn,,,,way
Brandweg,,,,way
Brascheweg,,,,way
Bratvogelweg,,,,way
Bredereckstraße,,,,way
Brehmestraße,,,,way
"Breite Gasse",,,,way
"Breite Straße",,,,way
Breitehornweg,,,,way
Breitensteinweg,,,,way
Brekowweg,,,,way
Brigitte-Reimann-Straße,,,,way
Britzer-Allee-Brücke,,,,way
Bruchweg,,,,way
"Brücke „Pölnitzwiesen“",,,,way
"Brücke am Heiligentalhügel",,,,way
"Brücke am Platz des Sports",,,,way
Brückenweg,,,,way
Brunnenhof,,,,way
Bruno-Baum-Grünzug,,,,way
"Buchholzer Feld",,,,way
Buckower-Felder-Mauerweg,,,,way
Buggenhagenstraße,,,,way
Bukesweg,,,,way
Bundesplatztunnel,,,,way
"Bundesstraße 2",,,,way
Bürgerheimstraße,,,,way
Bürgersruh,,,,way
"Bürgerwiese in Block 56",,,,way
Burgfrauenstraße,,,,way
Burgstraße,,,,way
Burgunderweg,,,,way
C-Weg,,,,way
Carl-Langbecker-Str.,,,,way
Carl-Leid-Weg,,,,way
Cecilienplatz,,,,way
Chantiéweg,,,,way
Charkiw-Park,,,,way
"Charlottenburger Brücke",,,,way
Charlottenweg,,,,way
Christiansteg,,,,way
"Clara-Zetkin-Park II",,,,way
Colbestraße,,,,way
Crusemarkstraße,,,,way
Dagobert-Wiesmüller-Platz,,,,way
Daheimstraße,,,,way
Dahmeweg,,,,way
Dammbrücke,,,,way
"Das Labyrinth im Spektepark",,,,way
Dechertstraße,,,,way
Dessinstraße,,,,way
"Die 3",,,,way
"Die 7",,,,way
"Döberitzer Grünzug",,,,way
Doehlweg,,,,way
Dohlensteg,,,,way
Doldenweg,,,,way
Dolgenseepromenade,,,,way
Donathstraße,,,,way
"Dorfaue Buckow",,,,way
"Dorfaue Zehlendorf",,,,way
Dörferblick,,,,way
Dr.-Markus-Straße,,,,way
Drachenfels,,,,way
Drachenwiese,,,,way
Dregerhoffstraße,,,,way
"Dreieck Neukölln",,,,way
Drostestraße,,,,way
Dürergärten,,,,way
"Durlacher Platz",,,,way
Dusekestraße,,,,way
Düsterhauptstraße,,,,way
Dyrekeweg,,,,way
E-Gestell,,,,way
E-Weg,,,,way
Ebersteinweg,,,,way
Ebertsbrücke,,,,way
Edelhofdamm,,,,way
Edmundweg,,,,way
Egelpfuhlbrücke,,,,way
Egelpfuhlgraben,,,,way
"Ehemaliger Güteraußenring",,,,way
Ehrenhof,,,,way
Ehrlichgestell,,,,way
Eichberggestell,,,,way
Eichenhofweg,,,,way
Eichenplatz,,,,way
Eichwerdersteg,,,,way
Eidechsenweg,,,,way
"Eingang zur ANB",,,,way
Elcknerplatz,,,,way
Elfiwiese,,,,way
Elfriede-Brüning-Straße,,,,way
Elise-Tilse-Park,,,,way
Elisenstraße,,,,way
Ella-Augustin-Platz,,,,way
Elsa-Neumann-Straße,,,,way
Elsenweg,,,,way
Emblastraße,,,,way
Emilie-Mayer-Weg,,,,way
Emilienstraße,,,,way
Endweg,,,,way
Engelallee,,,,way
"Enger Steig",,,,way
Eremitenstraße,,,,way
"Erholungsfläche der HOWOGE-Mieter",,,,way
Erich-Manteufel-Weg,,,,way
Erlenbrücke,,,,way
Ernst-Grube-Park,,,,way
Ernststraßensteg,,,,way
Erwin-Dahlen-Weg,,,,way
Eulensteg,,,,way
Eulerplatz,,,,way
Eva-Strittmatter-Straße,,,,way
Eweststraße,,,,way
F-Weg,,,,way
"FKK-Bereich Halensee",,,,way
FUSSGÄNGERBRÜCKE,,,,way
Fafnersteg,,,,way
Fahlenbergbrücke,,,,way
Fahremundstraße,,,,way
Fahrradbrücke,,,,way
Feldblumenweg,,,,way
Feldgrabensteig,,,,way
Fennbrücke,,,,way
Festplatz,,,,way
Festplatzweg,,,,way
Feuerweg,,,,way
Feuerwehrweg,,,,way
Fischerhüttenstraße,,,,way
Fischerhüttenweg,,,,way
Fischtalpark,,,,way
Flohrstraße,,,,way
Floraplatz,,,,way
Florentineweg,,,,way
Floxweg,,,,way
Flughafenseesteg,,,,way
Flurende,,,,way
Flutstraße,,,,way
Forkenzeile,,,,way
"Forsthaus Müggelheim",,,,way
Forsthaustunnel,,,,way
Forstmeisterweg,,,,way
Foyer,,,,way
"Foyer ECC 1",,,,way
Frank-Schweitzer-Straße,,,,way
Franz-Klühs-Park,,,,way
Franz-Meyer-Straße,,,,way
Franzstrasse,,,,way
Franzweg,,,,way
Frauenstraße,,,,way
Freiligratstraße,,,,way
"Freizeitpark Marienfelde",,,,way
Freizeitweg,,,,way
Frenzelweg,,,,way
Fresienweg,,,,way
Freundschaftsplatz,,,,way
"Friedenauer Höhe",,,,way
Friedenthalpark,,,,way
"Friedhofspark Pappelallee",,,,way
"Friedland Promenade",,,,way
Friedrich-Haak-Brücke,,,,way
Friedrich-List-Ufer,,,,way
Frommpromenade,,,,way
Frostraße,,,,way
Fuchssteinerweg,,,,way
Fuhrmannstraße,,,,way
Funkelgang,,,,way
"Fußgängertunnel Greifswalder Straße",,,,way
"Fußweg 469",,,,way
"Fußweg 475",,,,way
"Fußweg 552",,,,way
G-Weg,,,,way
Gajusstraße,,,,way
Gallipoliweg,,,,way
"Gang 1",,,,way
"Gang 2",,,,way
"Gang 3",,,,way
"Gang 4",,,,way
"Gang 5",,,,way
"Garten Liebermann",,,,way
"Garten der Blumen und Wasserspiele",,,,way
Gartenpavilion,,,,way
Gartenplatz,,,,way
Gäßnerweg,,,,way
Gatterweg,,,,way
"Gemeindepark Lankwitz",,,,way
"Gemeinschaftsgärten des Centre Français de Berlin",,,,way
"Gemeinschaftspavillion Parksiedlung",,,,way
"Gemeinschaftsplatz Stadtrandsiedlung Marienfelde II/III",,,,way
Genfenbergstraße,,,,way
Gensweg,,,,way
Georg-Steger-Weg,,,,way
Georgeweg,,,,way
Georgsteg,,,,way
"Gerader Weg",,,,way
Geraniensteig,,,,way
Gerda-und-Wolfgang-Szepansky-Promenade,,,,way
Gerlach-Wiese,,,,way
Gertrud-Pincus-Platz,,,,way
"Geschichtspark Ehemaliges Zellengefängnis Moabit",,,,way
"Gestell A",,,,way
"Gestell B",,,,way
"Gestell C",,,,way
"Gestell D",,,,way
"Gestell E",,,,way
"Gestell F",,,,way
"Gestell G",,,,way
"Gestell I",,,,way
"Gestell K",,,,way
"Gestell a",,,,way
"Gestell b",,,,way
"Gestell c",,,,way
"Gestell d",,,,way
"Gewerbegebiet zum Wasserwerk",,,,way
Glassstraße,,,,way
Gleim-Oase,,,,way
Gloriastraße,,,,way
"Glück im Winkel",,,,way
Golzenweg,,,,way
Götelstraße,,,,way
Goten-Str.,,,,way
Götzestraße,,,,way
Grabenweg,,,,way
Graetschelsteig,,,,way
Grenzbergeweg,,,,way
Grenzburgstraße,,,,way
Grenzpfad,,,,way
Grenzwegbrücke,,,,way
Griebenweg,,,,way
Grimnitzpark,,,,way
Grohsteig,,,,way
Grollstraße,,,,way
"Große Promenade",,,,way
"Große Querallee",,,,way
"Großer Querweg",,,,way
"Großer Weg",,,,way
Großmannweg,,,,way
"Grünanlage Eichenhain",,,,way
"Grünanlage Lilienthalstraße",,,,way
"Grünanlage Tauernallee",,,,way
Grundackerweg,,,,way
Grundweg,,,,way
"Grüne Trifft am Walde",,,,way
"Grüner Gang",,,,way
"Grunewald West",,,,way
"Grünfläche an der Gänseplastik",,,,way
"Grüntaler Flanier Nord",,,,way
"Grüntaler Flanier Süd",,,,way
"Grünverbindung Halemweg-Popitzweg",,,,way
"Grünzug Bullengraben",,,,way
"Grünzug Südpanke",,,,way
"Grünzug am Langen Becken",,,,way
Grußdorfstraße,,,,way
Grützmacherpark,,,,way
Grützmacherweg,,,,way
Guido-Treschler-Weg,,,,way
Gumlichweg,,,,way
Günterweg,,,,way
Güntherstraße,,,,way
Gustav-Tempel-Straße,,,,way
Gütlingstraße,,,,way
Gutspark,,,,way
"Gutspark Groß Glienicke",,,,way
"Gutspark Marienfelde",,,,way
"Gutspark Neukladow",,,,way
H-Weg,,,,way
Haberechtstraße,,,,way
Habichtweg,,,,way
Hainbuchenweg,,,,way
Hallesche-Tor-Brücke,,,,way
Hallichpromenade,,,,way
Hamannweg,,,,way
"Hampelsche Baumschule",,,,way
"Handjerystraße / Renée-Sintenis-Platz",,,,way
Hans-Dannert-Weg,,,,way
Hansakorso,,,,way
Hansaweg,,,,way
Harnischweg,,,,way
Haseldom,,,,way
"Haselhorst 13",,,,way
Hasselwerderpark,,,,way
"Hasseroder Straße",,,,way
Haßlingerweg,,,,way
Hauffplatz,,,,way
Haupttreppe,,,,way
"Hauptweg 1",,,,way
"Hauptweg 2",,,,way
"Hauptweg 3",,,,way
"Havelberg uphill",,,,way
Havelbrücke,,,,way
Havelmüllerweg,,,,way
Havelspitze,,,,way
Havelwiesen,,,,way
Hebammensteig,,,,way
Hechelstraße,,,,way
Heerruferweg,,,,way
Heidekrugstraße,,,,way
"Heidemühler Weg",,,,way
Heimat,,,,way
Heimfriedstraße,,,,way
Heimstättenweg,,,,way
Heinrich-Hertz-Straße,,,,way
Heinrich-Zille-Park,,,,way
Heinsestraße,,,,way
Heinweg,,,,way
Heinz-Gesper-Weg,,,,way
Heinz-Prillwitz-Weg,,,,way
Helene-Jacobs-Straße,,,,way
Helgolandweg,,,,way
Helmut-Rupprecht-Straße,,,,way
Henzesteg,,,,way
Herbert-Krause-Park,,,,way
Hermann-Günther-Straße,,,,way
Hermesweg,,,,way
Hilda-Geiringer-Weg,,,,way
Hilde-Archenhold-Brücke,,,,way
Hillmannstraße,,,,way
Hin­der­nis­par­cours,,,,way
"Hinter dem Zeughaus",,,,way
"Hinter den Gärten",,,,way
Hirtengarten,,,,way
"Historische Ladestraße",,,,way
Hobeckweg,,,,way
Hochbahnübergang,,,,way
"Höchste Straße",,,,way
Hochstraße,,,,way
Hochstraßenbrücke,,,,way
Hochweg,,,,way
Hochzeitspark,,,,way
Hocksteinweg,,,,way
Hoevelstraße,,,,way
Hoffmannstraße,,,,way
"Hohe Brücke",,,,way
Höhenweg,,,,way
"Hoher Bogen",,,,way
Hohlweg,,,,way
Hohmannstraße,,,,way
Höhmannstraße,,,,way
Holderweg,,,,way
Holzstegweg,,,,way
Holzweg,,,,way
Hopenweg,,,,way
Hoppestraße,,,,way
Hörnersteig,,,,way
Hortensiensteig,,,,way
Horterweg,,,,way
Hospitalstraße,,,,way
"Hotel Rotdorn & Bungalow-Park",,,,way
Hummelweg,,,,way
Hunckemüllerweg,,,,way
I-Weg,,,,way
Igelkolbensteig,,,,way
Ilse-Krause-Steg,,,,way
"Im Achterkastell",,,,way
"Im Domstift",,,,way
"Im Eck",,,,way
"Im Gartenheim",,,,way
"Im Grund",,,,way
"Im Grund/Rosenweg",,,,way
"Im Mittelbusch",,,,way
"Im Vogtland",,,,way
"Im Winkel",,,,way
"In den Alboingärten",,,,way
"In den Bauerngärten",,,,way
"In den Gärten",,,,way
"In den Ministergärten",,,,way
Ingrid-Rabe-Straße,,,,way
Ingrid-Reschke-Straße,,,,way
"Inline-Skate Rundkurs",,,,way
"Innerer Parkring",,,,way
Inselbrücke,,,,way
"Interkultureller Kräutergemeinschaftsgarten vor der Mierendorff-Schule",,,,way
Irrgarten,,,,way
J-Straße,,,,way
Jacobsbrunnenweg,,,,way
"Jagen 37",,,,way
Jamaikaweg,,,,way
Jean-Monnet-Straße,,,,way
Jeanne-Baret-Straße,,,,way
"Jenseits der Natur",,,,way
Johann-Ewald-Weg,,,,way
Johannes-Itten-Straße,,,,way
Johannes-Werner-Straße,,,,way
Johannisplatz,,,,way
Johannisstraße,,,,way
Joseph-von-Eichendorff-Gasse,,,,way
Judengang,,,,way
Judisgasse,,,,way
Jugendpark,,,,way
Jugendstilpark,,,,way
Jungfernbrücke,,,,way
K-Straße,,,,way
K-Weg,,,,way
"Kaiser Wilhelm Passage",,,,way
Kaiser-Wilhelm-Platz,,,,way
Kaisersteg,,,,way
Kaisertreppe,,,,way
Kanalweg,,,,way
Kantinenweg,,,,way
Karl-F.-Bothe-Weg,,,,way
Karlinekenweg,,,,way
"Karlshofer Weg",,,,way
Karlweg,,,,way
Karolinensteg,,,,way
Kastanienalleebrücke,,,,way
Kastanienplatz,,,,way
Kastanienwäldchen,,,,way
Kätchenweg,,,,way
Katzengraben,,,,way
Katzengrabensteg,,,,way
Kaumannsgasse,,,,way
Kehrwieder,,,,way
Kelchsecke,,,,way
Kellerweg,,,,way
Kethelitzweg,,,,way
"Kieler Brücke",,,,way
"Kieselbronner Weg",,,,way
Kiesweg,,,,way
Kietzgrabensteg,,,,way
"Kiezpark Fortuna",,,,way
Kiezplatz,,,,way
Kinderwagenweg,,,,way
Kindl-Treppe,,,,way
Kirchplatz,,,,way
Kirschblütenplatz,,,,way
Kitaweg,,,,way
Kitzingstraße,,,,way
"Klappbrücke an der Humboldtmühle",,,,way
"Klappbrücke über den Amtsgraben",,,,way
Klärwerkstraße,,,,way
"Kleckersdorfer Weg",,,,way
"Kleine Brüderstraße",,,,way
"Kleine Hege",,,,way
"Kleine Jägerstraße",,,,way
"Kleine Mittelstraße",,,,way
"Kleine Müllerstraße",,,,way
"Kleine Präsidentenstraße",,,,way
"Kleine Querallee",,,,way
"Kleiner Cite Foch Park",,,,way
"Kleiner Parkweg",,,,way
"Kleiner Querweg",,,,way
"Kleiner Weg",,,,way
Kleinschewskystraße,,,,way
Klepschweg,,,,way
Klosterweg,,,,way
Knieweg,,,,way
Knyphausenweg,,,,way
Koblanckstraße,,,,way
Kokoschkaplatz,,,,way
"Kolonie Sonntagsfreude",,,,way
Kolonnade,,,,way
Kolonnenbrücke,,,,way
Kolonnenstraße,,,,way
Kolonnenweg,,,,way
Königskolonnaden,,,,way
Konkordiastraße,,,,way
Köppchenseeweg,,,,way
Körnerweg,,,,way
Kötteritzweg,,,,way
Kottmeierpromenade,,,,way
Krausnickpark,,,,way
Kräuterweg,,,,way
Krautweg,,,,way
Kreuzweg,,,,way
Krienickepark,,,,way
Krienickesteig,,,,way
Kronprinzenbrücke,,,,way
"Krontaler Steg",,,,way
Krowelstraße,,,,way
"Krumme Gärten",,,,way
Krysiakweg,,,,way
"Kühler Grund",,,,way
Kuhnertstraße,,,,way
Kühneweg,,,,way
Kulbeweg,,,,way
Kupfergraben,,,,way
Kupferkamp,,,,way
Kürißweg,,,,way
"Kurze Straße",,,,way
"Kurzer Steig",,,,way
"Kurzer Weg",,,,way
Küsterstraße,,,,way
L-Straße,,,,way
L-Weg,,,,way
Lahmertstraße,,,,way
Lakegrund,,,,way
"Landeskalibrierstrecke Berlin",,,,way
Landfliegerstraße,,,,way
"Landhausgarten Dr. Max Fränkel",,,,way
"Landschaftspark Herzberge",,,,way
"Landschaftspark des Gutshauses Mahlsdorf",,,,way
Landweg,,,,way
Lanke-Aue,,,,way
"Laubnitzer Pfad",,,,way
"Laufstrecke 1100m",,,,way
Lauterplatz,,,,way
Lavendelsteig,,,,way
Lederhülsenweg,,,,way
Lee-Parry-Weg,,,,way
Lenné-Meyer-Garten,,,,way
Leonore-Goldschmidt-Straße,,,,way
Lerchennest,,,,way
"Lern- und Nachbarschaftsgarten",,,,way
Lesegarten,,,,way
Libboldallee,,,,way
Liberty-Park,,,,way
Lichenweg,,,,way
"Lichtenrader Volkspark",,,,way
"Lieper Bucht",,,,way
Lieselotte-Berger-Platz,,,,way
Lindensteg,,,,way
Lindnerweg,,,,way
Linse,,,,way
Lossebergplatz,,,,way
Lossowweg,,,,way
Louis-Schmidt-Straße,,,,way
Löwen-Brücke,,,,way
Lückstraße,,,,way
Lüdickeweg,,,,way
Ludwig-Turek-Platz,,,,way
Ludwigshöheweg,,,,way
Luisenhain,,,,way
"Luisenstädtischer Kanal Blütensträuchergarten",,,,way
"Luisenstädtischer Kanal Immergrüner Garten",,,,way
"Luisenstädtischer Kanal Waldpflanzengarten",,,,way
M-Weg,,,,way
"Main Street",,,,way
"Malchower Teichweg",,,,way
Marchbrücke,,,,way
Margaretenbrücke,,,,way
Margaretenweg,,,,way
Maria-Rimkus-Weg,,,,way
Marienlust,,,,way
Marienuferallee,,,,way
Marienweg,,,,way
Marksstraße,,,,way
Marksweg,,,,way
Mathildesweg,,,,way
Mauerweg,,,,way
Maulwurfweg,,,,way
Mäusetunnel,,,,way
Max-Fettling-Platz,,,,way
Max-Koch-Passage,,,,way
Mayschweg,,,,way
Meckerweg,,,,way
Mehringpark,,,,way
Meinolfstraße,,,,way
Melissenweg,,,,way
Meta-London-Straße,,,,way
Metropole-Passage,,,,way
"Metropolitan Park",,,,way
Mezitli-Park,,,,way
Minerva-Passage,,,,way
Mittelallee,,,,way
Mittelsteg,,,,way
Mittelstraße,,,,way
Mitteltunnel,,,,way
Moabiter-Brücke,,,,way
Möbelweg,,,,way
Möckernkiez,,,,way
Möllendorffpassage,,,,way
Möllentordamm,,,,way
Möllentorsteg,,,,way
Mölli,,,,way
Moorloch,,,,way
Morellensteig,,,,way
Moßkopfring,,,,way
Mövenstraße,,,,way
Mudrackzeile,,,,way
Mügelweg,,,,way
Müggelschlößchenweg,,,,way
Müggelwerderweg,,,,way
Mühlenwinkel,,,,way
Mulackstraße,,,,way
Müller-Weg,,,,way
Münchehagenstraße,,,,way
Musikerweg,,,,way
Myliusgarten,,,,way
N-Weg,,,,way
"Nachbarschaftsgarten Rosa Rose",,,,way
Naturerlebnisgarten,,,,way
Naturlehrpfad,,,,way
"Naturpark Schöneberger Südgelände",,,,way
"Nebenweg 1",,,,way
Nentwigstraße,,,,way
"Neubrücker Straße",,,,way
"Neue Bergstraße",,,,way
"Neue Brücke",,,,way
"Neue Heimat",,,,way
"Neue Hochstraße",,,,way
"Neue Kreisstraße",,,,way
"Neue Mittelstraße",,,,way
"Neue Promenade",,,,way
"Neue Straße",,,,way
"Neuer Steg",,,,way
Neuland,,,,way
Neulandweg,,,,way
Neumannsgasse,,,,way
"Neustädtische Kirchstraße",,,,way
"Neustädtischer Kirchplatz",,,,way
Nietheweg,,,,way
Nisbléstraße,,,,way
Nord-Süd-Grünzug,,,,way
"Nordhafenpark West",,,,way
"Nordische Straße",,,,way
"Nördliche Rhinstraßenbrücke",,,,way
"Nördlicher Uferweg",,,,way
Nordpark,,,,way
Nordring,,,,way
Nordsternweg,,,,way
Nuscheweg,,,,way
O-Weg,,,,way
OSSWORX,,,,way
"Oberhaardter Weg",,,,way
Oberseepark,,,,way
Obrikatstraße,,,,way
Obstgarten,,,,way
Olympiastraße,,,,way
Oppermannstraße,,,,way
"Orthstraße/ Walter-Nicklitz-Promenade",,,,way
Osasteig,,,,way
Oskar-Helene-Park,,,,way
Oskar-Lange-Platz,,,,way
Osmar-Klemm-Straße,,,,way
Ostendstraße,,,,way
"Östlicher Parksteg",,,,way
Osttunnel,,,,way
"Otto's Weg",,,,way
Otto-Miethke-Weg,,,,way
Otto-Reuter-Weg,,,,way
Ottoplatz,,,,way
Ottoweg,,,,way
P-Weg,,,,way
Panoramastraße,,,,way
"Papenberger Weg",,,,way
Pardemannstraße,,,,way
"Park Hewald",,,,way
"Park am Nordbahnhof",,,,way
"Park am Urnenfriedhof Gerichtstraße",,,,way
"Park am Weidengrund",,,,way
"Park am Weißen See",,,,way
"Park an der Spree",,,,way
Park-Trilogie,,,,way
Parklett,,,,way
Parkplatzweg,,,,way
Parkrosenweg,,,,way
Parkviertelallee,,,,way
Parkweg,,,,way
Parkwegbrücke,,,,way
Parrisiusstraße,,,,way
"Passage Meinekestraße",,,,way
Patientenpark,,,,way
Paul-Ernst-Park,,,,way
Paul-Hepprich-Weg,,,,way
Paul-Koenig-Straße,,,,way
Paul-und-Paula-Promenade,,,,way
"Paulette Nardal Terrasse",,,,way
Paulinenplatz,,,,way
"People Park",,,,way
Peter-Witte-Park,,,,way
Petuniensteig,,,,way
Pfahlerstraße,,,,way
Pfarrer-Jurytko-Weg,,,,way
Pfefferweg,,,,way
Pflanzerweg,,,,way
"Pfuhlgelände an der Britzer Straße",,,,way
"Pfuhlweg I",,,,way
"Pfuhlweg II",,,,way
Philipp-Jacob-Rauch-Straße,,,,way
Philippstraße,,,,way
Piazza,,,,way
Pionierweg,,,,way
"Planstraße 1",,,,way
"Planstraße 2",,,,way
"Planstraße 3",,,,way
"Planstraße 4",,,,way
"Planstraße 5",,,,way
Plantanenallee,,,,way
Plateautreppe,,,,way
"Platz A",,,,way
"Platz am Goldesel",,,,way
"Platz an den drei Grazien",,,,way
"Platz des 23. April",,,,way
"Platz des Picknicks",,,,way
"Platz des Sonnens",,,,way
"Platz des Spiels",,,,way
"Platz des Sports",,,,way
"Platz vor dem Neuen Tor",,,,way
"Plaza San Rafael del Sur",,,,way
Plehmpfad,,,,way
Pocket-Park,,,,way
Pocketpark,,,,way
Poetensteig,,,,way
Polarbogen,,,,way
Polteweg,,,,way
Postplatz,,,,way
Poststraße,,,,way
Präsidentendreieck,,,,way
Prausestraße,,,,way
Predigergarten,,,,way
Priemelweg,,,,way
Primusweg,,,,way
Pritstabelstraße,,,,way
"Privatstraße 1",,,,way
"Privatstraße 10",,,,way
"Privatstraße 12",,,,way
"Privatstraße 13",,,,way
"Privatstraße 14",,,,way
"Privatstraße 2",,,,way
"Privatstraße 3",,,,way
"Privatstraße 4",,,,way
"Privatstraße 5",,,,way
"Privatstraße 6",,,,way
"Privatstraße 7",,,,way
"Privatstraße 8",,,,way
"Privatstraße 9",,,,way
Promenade,,,,way
Protokollhof,,,,way
Prozessweg,,,,way
Puchertweg,,,,way
Pumpenpfad,,,,way
Pyramidenbrücke,,,,way
Pyramidenringbrücke,,,,way
"Quartierspark Hauptstraße",,,,way
"Quartierspark Neubrandenburger Straße",,,,way
"Quartierspark Rosenfelder Ring",,,,way
Quartiersweg,,,,way
Quartierweg,,,,way
Quastenhornweg,,,,way
Quellenweg,,,,way
Querstraße,,,,way
Querweg,,,,way
"Querweg 1",,,,way
"Querweg 10",,,,way
"Querweg 11",,,,way
"Querweg 12",,,,way
"Querweg 13",,,,way
"Querweg 14",,,,way
"Querweg 15",,,,way
"Querweg 2",,,,way
"Querweg 3",,,,way
"Querweg 4",,,,way
"Querweg 5",,,,way
"Querweg 6",,,,way
"Querweg 7",,,,way
"Querweg 8",,,,way
"Querweg 9",,,,way
R-Weg,,,,way
"Rabbit trail",,,,way
Rabensteg,,,,way
Radbahn,,,,way
Radtkestraße,,,,way
"Rampe, barrierefreier Zugang zur Tramhaltestelle",,,,way
Randsteig,,,,way
Randweg,,,,way
Ranftweg,,,,way
"Rapoport Park",,,,way
Rattenweg,,,,way
Ravelinplatz,,,,way
Ravensteinstraße,,,,way
Reichartstraße,,,,way
Reinbeckstraße,,,,way
"Reinickes Hof",,,,way
Renate-Privatstraße,,,,way
"Rendsburger Brücke",,,,way
Resedensteig,,,,way
Reulestraße,,,,way
Rhenaniabrücke,,,,way
"Rhizomatische Brücke",,,,way
Ribbeweg,,,,way
Richard-John-Weg,,,,way
Riebekeweg,,,,way
Riensbergstraße,,,,way
"Ring I",,,,way
"Ring II",,,,way
"Ring III",,,,way
"Ring IV",,,,way
Ringpark,,,,way
Ringweg,,,,way
Rita-Maiburg-Straße,,,,way
Robert-Stolz-Anlage,,,,way
Rodelbahn,,,,way
Rödelstraße,,,,way
Rohdestraße,,,,way
Rohrlake,,,,way
Rohrweg,,,,way
Rollbergstraße,,,,way
Rollstuhlrampe,,,,way
Rombsweg,,,,way
"Rondell an der Trockenzone",,,,way
Rosengang,,,,way
Rosengarten,,,,way
"Rosengarten am Musikpavillion",,,,way
Rosengasse,,,,way
Rosensteinweg,,,,way
Rosestraße,,,,way
Rosmarinstraße,,,,way
"Roter Platz",,,,way
Rothenbücherweg,,,,way
Rotkopfweg,,,,way
Rubinweg,,,,way
Rückerstraße,,,,way
Rudolf-Spitzley-Straße,,,,way
Rudolf-von-Gneist-Gasse,,,,way
"Rudower Spinne",,,,way
"Rummelsburger Platz",,,,way
"Rummelsburger Seeblick",,,,way
Rundweg,,,,way
Russenbrücke,,,,way
Rutnikstraße,,,,way
S-Weg,,,,way
Saalmannsteig,,,,way
Saalmannstraße,,,,way
Sackgasse,,,,way
Salzmannstraße,,,,way
Salzufer,,,,way
"Sandhauser Brücke",,,,way
"Sandhauser Straße",,,,way
Sangeallee,,,,way
Sängerweg,,,,way
Sangestraße,,,,way
Sarah-Kirsch-Straße,,,,way
Schälingsweg,,,,way
"Schauspielerin Elisabeth Bergner Park",,,,way
Schefferweg,,,,way
Schendelgasse,,,,way
Schendelpark,,,,way
Schenkestraße,,,,way
Schiffbauerdammbrücke,,,,way
Schilfweg,,,,way
Schinderbrücke,,,,way
Schirnerstraße,,,,way
Schlangenweg,,,,way
Schleichpfad,,,,way
Schleusenweg,,,,way
Schlossbrücke,,,,way
"Schlosspark Bellevue",,,,way
"Schlosspark Britz",,,,way
Schlosspark-Passage,,,,way
Schloßfreiheit,,,,way
Schloßinsel,,,,way
"Schloßpark Lichterfelde",,,,way
"Schloßstraße / Sophie-Charlotte-Platz",,,,way
"Schlüsselloch in der Mehrschichtigen Zone",,,,way
Schlüterhof,,,,way
Schlüterweg,,,,way
"Schmale Gasse",,,,way
"Schmale Straße",,,,way
Schmalerweg,,,,way
Schmetstorpweg,,,,way
Schmetterlingshorst,,,,way
Schmiedebankplatz,,,,way
Schmöckwitzwerdersteg,,,,way
Schmollwinkel,,,,way
Schneewittchensteig,,,,way
Schönagelstraße,,,,way
"Schönauer Weg",,,,way
"Schöneberger Schleife",,,,way
Schonungsweg,,,,way
"Schräger Weg",,,,way
Schrobsdorffstraße,,,,way
Schrockstraße,,,,way
Schulgarten,,,,way
"Schulgartenfahrbrücke (Steinerne Brücke)",,,,way
Schulgartenweg,,,,way
"Schulzendorfer Weg",,,,way
Schulzenstraße,,,,way
Schulzenweg,,,,way
Schulzestraße,,,,way
Schulzeweg,,,,way
Schulzweg,,,,way
Schürstraße,,,,way
Schwanenblumenweg,,,,way
Schwartzstraße,,,,way
Schwarzkogelweg,,,,way
Schweizerhofpark,,,,way
Schwimmeistertreppe,,,,way
See-Terrasse,,,,way
Seeblickstraße,,,,way
Seebrücke,,,,way
Seepark,,,,way
Seeweg,,,,way
Segewaldweg,,,,way
Seidelweg,,,,way
Seidenweg,,,,way
Seifertweg,,,,way
Semkensteig,,,,way
Sennockstraße,,,,way
Sensorikweg,,,,way
Separationsweg,,,,way
Seufzerbrücke,,,,way
Sickingenbrücke,,,,way
"Siedlung Roedernau",,,,way
Siedlungsring,,,,way
Siedlungsweg,,,,way
Siegertweg,,,,way
Siekeweg,,,,way
Silberschilling,,,,way
Silvestersteig,,,,way
Simonring,,,,way
Simrockplatz,,,,way
Siverstorpstraße,,,,way
Skutaristraße,,,,way
Söhtstraße,,,,way
Sonnenkieker,,,,way
Sonnenscheinweg,,,,way
Spechtweg,,,,way
Spektegrabensteg,,,,way
"Spielplatz Grüntaler End",,,,way
Spilstraße,,,,way
Spindlergasse,,,,way
Spinolastraße,,,,way
"Spitzer Weg",,,,way
Sporthalle,,,,way
"Sportpark Neues Ufer",,,,way
Spreeschlossstraße,,,,way
Springpfuhlbrücke,,,,way
Stabholzgarten,,,,way
Stadionstraße,,,,way
Stadtplatz,,,,way
"Stadtplatz am Glambecker Ring",,,,way
"Stadtrandpark Neue Wiesen",,,,way
"Stadtring Berlin",,,,way
"Stadtteilpark Palmenhof",,,,way
Stadtterrasse,,,,way
Stangeweg,,,,way
Star-Platz,,,,way
Stargardtstraße,,,,way
Stawesdamm,,,,way
Stechowstraße,,,,way
Steengravenweg,,,,way
Steinkleeweg,,,,way
Stellahof,,,,way
Sterckmannweg,,,,way
Sternallee,,,,way
Sterndamm,,,,way
Stewardstraße,,,,way
Stichweg,,,,way
"Stichweg A",,,,way
"Stichweg B",,,,way
"Stichweg C",,,,way
"Stichweg D",,,,way
"Stichweg E",,,,way
"Stichweg F",,,,way
"Stichweg G",,,,way
"Stichweg H",,,,way
"Stichweg J",,,,way
"Stichweg K",,,,way
"Stichweg L",,,,way
"Stichweg M",,,,way
"Stichweg N",,,,way
Stiftsweg,,,,way
"Stiller Weg",,,,way
Stöckelstraße,,,,way
Stöhrweg,,,,way
Stöwestraße,,,,way
Strandschloßweg,,,,way
"Straße 1",,,,way
"Straße 10",,,,way
"Straße 100",,,,way
"Straße 101",,,,way
"Straße 103",,,,way
"Straße 106",,,,way
"Straße 109",,,,way
"Straße 11",,,,way
"Straße 113",,,,way
"Straße 122",,,,way
"Straße 124",,,,way
"Straße 126",,,,way
"Straße 129",,,,way
"Straße 132",,,,way
"Straße 133",,,,way
"Straße 134",,,,way
"Straße 136",,,,way
"Straße 140",,,,way
"Straße 141",,,,way
"Straße 142",,,,way
"Straße 147",,,,way
"Straße 150",,,,way
"Straße 151",,,,way
"Straße 152",,,,way
"Straße 155",,,,way
"Straße 156",,,,way
"Straße 158",,,,way
"Straße 16",,,,way
"Straße 160",,,,way
"Straße 163",,,,way
"Straße 164",,,,way
"Straße 165",,,,way
"Straße 166",,,,way
"Straße 167",,,,way
"Straße 17",,,,way
"Straße 175",,,,way
"Straße 178",,,,way
"Straße 179",,,,way
"Straße 18",,,,way
"Straße 182",,,,way
"Straße 18s",,,,way
"Straße 19",,,,way
"Straße 199",,,,way
"Straße 2",,,,way
"Straße 20",,,,way
"Straße 206",,,,way
"Straße 21",,,,way
"Straße 210",,,,way
"Straße 22",,,,way
"Straße 223",,,,way
"Straße 224",,,,way
"Straße 225",,,,way
"Straße 228",,,,way
"Straße 229",,,,way
"Straße 230",,,,way
"Straße 231",,,,way
"Straße 232",,,,way
"Straße 245",,,,way
"Straße 246",,,,way
"Straße 250",,,,way
"Straße 251",,,,way
"Straße 254",,,,way
"Straße 26",,,,way
"Straße 264",,,,way
"Straße 265",,,,way
"Straße 27",,,,way
"Straße 270",,,,way
"Straße 28",,,,way
"Straße 3",,,,way
"Straße 30",,,,way
"Straße 31",,,,way
"Straße 33",,,,way
"Straße 331",,,,way
"Straße 339",,,,way
"Straße 33a",,,,way
"Straße 34",,,,way
"Straße 35",,,,way
"Straße 354",,,,way
"Straße 36",,,,way
"Straße 366",,,,way
"Straße 367",,,,way
"Straße 368",,,,way
"Straße 39",,,,way
"Straße 393",,,,way
"Straße 396",,,,way
"Straße 4",,,,way
"Straße 40",,,,way
"Straße 41",,,,way
"Straße 42",,,,way
"Straße 43",,,,way
"Straße 435",,,,way
"Straße 44",,,,way
"Straße 442",,,,way
"Straße 443",,,,way
"Straße 45",,,,way
"Straße 455",,,,way
"Straße 46",,,,way
"Straße 462",,,,way
"Straße 47",,,,way
"Straße 48",,,,way
"Straße 482",,,,way
"Straße 483",,,,way
"Straße 49",,,,way
"Straße 5",,,,way
"Straße 50",,,,way
"Straße 51",,,,way
"Straße 52",,,,way
"Straße 52a",,,,way
"Straße 52b",,,,way
"Straße 545",,,,way
"Straße 55",,,,way
"Straße 56",,,,way
"Straße 567",,,,way
"Straße 574",,,,way
"Straße 577",,,,way
"Straße 58",,,,way
"Straße 59",,,,way
"Straße 598",,,,way
"Straße 6",,,,way
"Straße 60",,,,way
"Straße 600",,,,way
"Straße 603",,,,way
"Straße 614",,,,way
"Straße 618",,,,way
"Straße 62",,,,way
"Straße 645",,,,way
"Straße 659",,,,way
"Straße 67",,,,way
"Straße 69",,,,way
"Straße 7",,,,way
"Straße 70",,,,way
"Straße 71",,,,way
"Straße 72",,,,way
"Straße 73",,,,way
"Straße 74",,,,way
"Straße 76",,,,way
"Straße 76a",,,,way
"Straße 77",,,,way
"Straße 77a",,,,way
"Straße 78",,,,way
"Straße 79",,,,way
"Straße 8",,,,way
"Straße 86",,,,way
"Straße 87",,,,way
"Straße 89",,,,way
"Straße 9",,,,way
"Straße 90",,,,way
"Straße 94",,,,way
"Straße 96",,,,way
"Straße 97",,,,way
"Straße A",,,,way
"Straße B",,,,way
"Straße C",,,,way
"Straße D",,,,way
"Straße E",,,,way
"Straße F",,,,way
"Straße G",,,,way
"Straße H",,,,way
"Straße J",,,,way
"Straße K",,,,way
"Straße L",,,,way
"Straße M",,,,way
"Straße N",,,,way
"Straße Nr. 2",,,,way
"Straße O",,,,way
"Straße P",,,,way
"Straße Q",,,,way
"Straße der Erinnerung",,,,way
"Straße zum FEZ",,,,way
"Straße zum Müggelhort",,,,way
"Straße zur Albert-Kuntz-Straße",,,,way
"Straße zur Parksiedlung Spruch",,,,way
Strauchwiesenbrücke,,,,way
"Straupitzer Steig",,,,way
Stresowpark,,,,way
Strömannstraße,,,,way
Studentenbad,,,,way
Studentenweg,,,,way
"Süd-Ost-Verbindung (SOV)",,,,way
Südpankepark,,,,way
Südpark,,,,way
Südplateau,,,,way
Südstern,,,,way
Südstraße,,,,way
TV-Asahi-Kirschblütenweg,,,,way
Tabbertweg,,,,way
Tacitusweg,,,,way
Takuweg,,,,way
Tälchenbrücke,,,,way
Tälchenweg,,,,way
Talsandweg,,,,way
"Tangentiale Verbindung Ost",,,,way
Tanzplatz,,,,way
Teilestraße,,,,way
"Teltower Weg",,,,way
"Teupitzer Park",,,,way
"Thaters Privatweg",,,,way
Theaterplatz,,,,way
Thiloweg,,,,way
"Thurbrucher Steig",,,,way
Tiefehornweg,,,,way
Tiefhornweg,,,,way
Tiriotstraße,,,,way
Tom-Trotter-Weg,,,,way
Töpferbrücke,,,,way
Torfweg,,,,way
Torstraße,,,,way
Torweg,,,,way
"Tramper Weg",,,,way
"Treppe zur ANB",,,,way
Treutelstraße,,,,way
Trompeterweg,,,,way
Tröpfebrunnen,,,,way
Tulpengang,,,,way
"Tunnel Alexanderplatz",,,,way
"Tunnel Altglienicke",,,,way
"Tunnel Grenzallee",,,,way
"Tunnel Ortsteil Britz",,,,way
"Tunnel Rudower Höhe",,,,way
"Tunnel Schlangenbader Straße",,,,way
"Tunnel am Adenauerplatz",,,,way
Türrschmidtpark,,,,way
"U Pankow",,,,way
"U-Bhf Rüdesheimer Platz",,,,way
Übergang,,,,way
"Übergang S1/S2 zur U6",,,,way
Uhlandweg,,,,way
Uhusteg,,,,way
Ullrichplatz,,,,way
Ullrichstraße,,,,way
Ulrich-Plenzdorf-Straße,,,,way
Ulrikenstraße,,,,way
Umgehungschaussee,,,,way
Umtragestelle,,,,way
Umweltbildungsfläche,,,,way
"Universum Landes-Ausstellungs-Park",,,,way
Unkenpfad,,,,way
"Unter der Kranbahn",,,,way
Unterfeld,,,,way
"Unterirdisches Erschließungssystem",,,,way
Unterwasserstraße,,,,way
Uwe-Lieschied-Straße,,,,way
Veitstraße,,,,way
Verbindungschaussee,,,,way
Verbindungsstraße,,,,way
Vereinsplatz,,,,way
"Vereinsplatz KGA Grönland e. V.",,,,way
"Vereinsplatz KGA Neues Heim e. V.",,,,way
Vereinsstraße,,,,way
Vereinsweg,,,,way
"Verlorener Weg",,,,way
Versammlungsplatz,,,,way
Vier-Kolonien-Weg,,,,way
Virchowweg,,,,way
Vogelgarten,,,,way
Volkerweg,,,,way
Volkmarstraße,,,,way
Volkradpassage,,,,way
"Volksgartenweg 1",,,,way
"Volksgartenweg 2",,,,way
"Volksgartenweg 3",,,,way
"Volksgartenweg 4",,,,way
"Volksgartenweg 5",,,,way
"Volksgartenweg 6",,,,way
"Volkspark Köpenick",,,,way
"Volkspark Prenzlauer Berg",,,,way
"Volkspark Rehberge",,,,way
"Volkspark Wittenau – Göschenpark",,,,way
"Volkspark am Weinberg",,,,way
Volkswohlpark,,,,way
Von-Bergen-Park,,,,way
"Vor den Toren",,,,way
Wachsmuthstraße,,,,way
Wackenbergstraße,,,,way
Wackerweg,,,,way
Waffenschmiedstraße,,,,way
Waldburgweg,,,,way
Waldhauswinkel,,,,way
Waldowpark,,,,way
Waldschluchtpfad,,,,way
Waldseebrücke,,,,way
Waldspechtweg,,,,way
Waldterrasse,,,,way
"Waldtreppe Nord",,,,way
"Waldtreppe Süd",,,,way
Waldvogelweg,,,,way
Walterstraße,,,,way
Walther-Nernst-Straße,,,,way
Wandelgang,,,,way
Wankstraße,,,,way
"Wartestelle Sport",,,,way
Wäscherinnenweg,,,,way
Wassergrundstraße,,,,way
Wassernixenweg,,,,way
Wassersportzentrum,,,,way
"Wassertorplatz Süd",,,,way
Wasserwegbrücke,,,,way
"Wasserwerk an der Wuhlheide",,,,way
Wateweg,,,,way
"Weg 1",,,,way
"Weg 10",,,,way
"Weg 11",,,,way
"Weg 12",,,,way
"Weg 13",,,,way
"Weg 14",,,,way
"Weg 15",,,,way
"Weg 16",,,,way
"Weg 17",,,,way
"Weg 2",,,,way
"Weg 3",,,,way
"Weg 4",,,,way
"Weg 5",,,,way
"Weg 6",,,,way
"Weg 6a",,,,way
"Weg 7",,,,way
"Weg 8",,,,way
"Weg 9",,,,way
"Weg A",,,,way
"Weg B",,,,way
"Weg C",,,,way
"Weg D",,,,way
"Weg E",,,,way
"Weg I",,,,way
"Weg II",,,,way
"Weg III",,,,way
"Weg IV",,,,way
"Weg V",,,,way
"Weg zum Block B",,,,way
Wehrmathen,,,,way
"Weihenzeller Steig",,,,way
Weislingenstraße,,,,way
"Weiter Blick",,,,way
Wellenpark,,,,way
Werftstraße,,,,way
Werkstättenweg,,,,way
Werner-Richard-Heymann-Platz,,,,way
Wernickestraße,,,,way
Wernickeweg,,,,way
Westendstraße,,,,way
"Westlicher Parksteg",,,,way
Westring,,,,way
Westtunnel,,,,way
"Westumfahrung Bahnhofstraße",,,,way
Weygerweg,,,,way
"Wiener Weg",,,,way
Wiesengraben,,,,way
Wiesenhofweg,,,,way
Wiesenterrasse,,,,way
Wilckeweg,,,,way
Wildbienenlehrpfad,,,,way
Wilhelm-Caspar-Wegely-Platz,,,,way
Wilhelm-Dähne-Siedlung,,,,way
Wilhelm-Zoschke-Weg,,,,way
Wilhelminenhofpassage,,,,way
"Wilhelmshagener Weg",,,,way
Wilkesweg,,,,way
Willi-Cordts-Weg,,,,way
Willis-Brücke,,,,way
Willy-Abel-Platz,,,,way
"Wilmersdorfer Tunnel",,,,way
Winkelpfad,,,,way
Winkelweg,,,,way
Winklerstraße,,,,way
"Wohnungsnahe Grünanlage",,,,way
Wolfgang-Seifert-Weg,,,,way
"Wriezener Freiraum-Labor",,,,way
"Yorckbrücke 5",,,,way
Zanderstraße,,,,way
Zastrowstraße,,,,way
"Zeile 10",,,,way
"Zeile 11",,,,way
"Zeile 12",,,,way
"Zeile 14",,,,way
"Zeile 16",,,,way
"Zeile 17",,,,way
"Zeile 18",,,,way
"Zeile 2",,,,way
"Zeile 20",,,,way
"Zeile 3",,,,way
"Zeile 4",,,,way
"Zeile 5",,,,way
"Zeile 6",,,,way
"Zeile 7",,,,way
"Zeile 8",,,,way
Zeltenplatz,,,,way
"Zentraler Platz",,,,way
Zentralweg,,,,way
Zernickstraße,,,,way
Zinienweg,,,,way
"Zobtener Straße",,,,way
"Zu den Müggelheimer Wiesen",,,,way
"Zufahrt zum Flughafen Tegel",,,,way
"Zugang Bahngleis für Rollstuhl",,,,way
"Zugang Hauseingang",,,,way
"Zugang Köpfchensee",,,,way
"Zum Forsthaus",,,,way
"Zum Klötzhain",,,,way
"Zum Molkenmarkt 1+2",,,,way
"Zum Rübländer Graben",,,,way
"Zum Spielplatz",,,,way
"Zum Wartenberger Anger",,,,way
"Zur Blauen Lagune",,,,way
"Zur Drachenwiese",,,,way
"Zur Haveldüne",,,,way
"Zur Märkischen Aue",,,,way
"Zwieseler Hof",,,,way
"Zwischen den Giebeln",,,,way
connector,,,,way
"zur Anna-Maria-Müller-Straße",,,,way
